temperature,humidity
25.29999924,53.79999924
